EAN,Brand Color,PurchasePriceExclVAT,RecommendedPriceInclVAT,BrandName,Sell Price,Color,Offer ID
5713450032570,"beige, blue and black",125,300,No Product Found,,Not Sure,No Offer ID
5713450032587,"beige, blue and black",187,450,No Product Found,,Not Sure,No Offer ID
5713450032594,"beige, blue and black",270,650,No Product Found,,Not Sure,No Offer ID
5713450032600,"beige, blue and black",479,1150,No Product Found,,Not Sure,No Offer ID
5713450032617,"beige, blue and black",1083,2600,No Product Found,,Not Sure,No Offer ID
5713450032624,beige and red,125,300,No Product Found,,Not Sure,No Offer ID
5713450032631,beige and red,187,450,No Product Found,,Not Sure,No Offer ID
5713450032648,beige and red,270,650,No Product Found,,Not Sure,No Offer ID
5713450032655,beige and red,479,1150,No Product Found,,Not Sure,No Offer ID
5713450032662,beige and red,1083,2600,No Product Found,,Not Sure,No Offer ID
5713450032679,beige and black,125,300,No Product Found,,Not Sure,No Offer ID
5713450032686,beige and black,187,450,No Product Found,,Not Sure,No Offer ID
5713450032693,beige and black,270,650,No Product Found,,Not Sure,No Offer ID
5713450032709,beige and black,479,1150,No Product Found,,Not Sure,No Offer ID
5713450032716,beige and black,1083,2600,No Product Found,,Not Sure,No Offer ID
5713450032723,"beige, red and blue",125,300,No Product Found,,Not Sure,No Offer ID
5713450032730,"beige, red and blue",187,450,No Product Found,,Not Sure,No Offer ID
5713450032747,"beige, red and blue",270,650,No Product Found,,Not Sure,No Offer ID
5713450032754,"beige, red and blue",479,1150,No Product Found,,Not Sure,No Offer ID
5713450032761,"beige, red and blue",1083,2600,No Product Found,,Not Sure,No Offer ID
5713450032778,multi,125,300,No Product Found,,Not Sure,No Offer ID
5713450032785,multi,187,450,No Product Found,,Not Sure,No Offer ID
5713450032792,multi,270,650,No Product Found,,Not Sure,No Offer ID
5713450032808,multi,479,1150,No Product Found,,Not Sure,No Offer ID
5713450032815,multi,1083,2600,No Product Found,,Not Sure,No Offer ID
5713450032822,multi,125,300,No Product Found,,Not Sure,No Offer ID
5713450032839,multi,187,450,No Product Found,,Not Sure,No Offer ID
5713450032846,multi,270,650,No Product Found,,Not Sure,No Offer ID
5713450032853,multi,479,1150,No Product Found,,Not Sure,No Offer ID
5713450032860,multi,1083,2600,No Product Found,,Not Sure,No Offer ID
5713450032877,multi,125,300,No Product Found,,Not Sure,No Offer ID
5713450032884,multi,187,450,No Product Found,,Not Sure,No Offer ID
5713450032891,multi,270,650,No Product Found,,Not Sure,No Offer ID
5713450032907,multi,479,1150,No Product Found,,Not Sure,No Offer ID
5713450032914,multi,1083,2600,No Product Found,,Not Sure,No Offer ID
5713450032921,multi,125,300,No Product Found,,Not Sure,No Offer ID
5713450032938,multi,187,450,No Product Found,,Not Sure,No Offer ID
5713450032945,multi,270,650,No Product Found,,Not Sure,No Offer ID
5713450032952,multi,479,1150,No Product Found,,Not Sure,No Offer ID
5713450032969,multi,1083,2600,No Product Found,,Not Sure,No Offer ID
5713450032976,multi,125,300,No Product Found,,Not Sure,No Offer ID
5713450032983,multi,187,450,No Product Found,,Not Sure,No Offer ID
5713450032990,multi,270,650,No Product Found,,Not Sure,No Offer ID
5713450033003,multi,479,1150,No Product Found,,Not Sure,No Offer ID
5713450033010,multi,1083,2600,No Product Found,,Not Sure,No Offer ID
5713450033027,multi,125,300,No Product Found,,Not Sure,No Offer ID
5713450033034,multi,187,450,No Product Found,,Not Sure,No Offer ID
5713450033041,multi,270,650,No Product Found,,Not Sure,No Offer ID
5713450033058,multi,479,1150,No Product Found,,Not Sure,No Offer ID
5713450033065,multi,1083,2600,No Product Found,,Not Sure,No Offer ID
5713450033072,blue and white,125,300,No Product Found,,Not Sure,No Offer ID
5713450033089,blue and white,187,450,No Product Found,,Not Sure,No Offer ID
5713450033096,blue and white,270,650,No Product Found,,Not Sure,No Offer ID
5713450033102,blue and white,479,1150,No Product Found,,Not Sure,No Offer ID
5713450033119,blue and white,1083,2600,No Product Found,,Not Sure,No Offer ID
5713450033126,blue and white,125,300,No Product Found,,Not Sure,No Offer ID
5713450033133,blue and white,187,450,No Product Found,,Not Sure,No Offer ID
5713450033140,blue and white,270,650,No Product Found,,Not Sure,No Offer ID
5713450033157,blue and white,479,1150,No Product Found,,Not Sure,No Offer ID
5713450033164,blue and white,1083,2600,No Product Found,,Not Sure,No Offer ID
5713450033171,multi,125,300,No Product Found,,Not Sure,No Offer ID
5713450033188,multi,187,450,No Product Found,,Not Sure,No Offer ID
5713450033195,multi,270,650,No Product Found,,Not Sure,No Offer ID
5713450033201,multi,479,1150,No Product Found,,Not Sure,No Offer ID
5713450033218,multi,1083,2600,No Product Found,,Not Sure,No Offer ID
5713450037575,multi,166,400,No Product Found,,Not Sure,No Offer ID
5713450037582,multi,250,600,No Product Found,,Not Sure,No Offer ID
5713450037599,multi,437,1050,No Product Found,,Not Sure,No Offer ID
5713450033225,multi,125,300,No Product Found,,Not Sure,No Offer ID
5713450033232,multi,187,450,No Product Found,,Not Sure,No Offer ID
5713450033249,multi,270,650,No Product Found,,Not Sure,No Offer ID
5713450033256,multi,479,1150,No Product Found,,Not Sure,No Offer ID
5713450033263,multi,1083,2600,No Product Found,,Not Sure,No Offer ID
5713450037605,multi,708,1700,No Product Found,,Not Sure,No Offer ID
5713450037612,multi,166,400,No Product Found,,Not Sure,No Offer ID
5713450037629,multi,250,600,No Product Found,,Not Sure,No Offer ID
5713450037636,multi,437,1050,No Product Found,,Not Sure,No Offer ID
5713450033270,multi,125,300,No Product Found,,Not Sure,No Offer ID
5713450033287,multi,187,450,No Product Found,,Not Sure,No Offer ID
5713450033294,multi,270,650,No Product Found,,Not Sure,No Offer ID
5713450033300,multi,479,1150,No Product Found,,Not Sure,No Offer ID
5713450033317,multi,1083,2600,No Product Found,,Not Sure,No Offer ID
5713450037643,multi,708,1700,No Product Found,,Not Sure,No Offer ID
5713450037650,multi,166,400,No Product Found,,Not Sure,No Offer ID
5713450037667,multi,250,600,No Product Found,,Not Sure,No Offer ID
5713450037674,multi,437,1050,No Product Found,,Not Sure,No Offer ID
5713450037681,multi,708,1700,No Product Found,,Not Sure,No Offer ID
5713450033324,pink and yellow,125,300,No Product Found,,Not Sure,No Offer ID
5713450033331,pink and yellow,187,450,No Product Found,,Not Sure,No Offer ID
5713450033348,pink and yellow,270,650,No Product Found,,Not Sure,No Offer ID
5713450033355,pink and yellow,479,1150,No Product Found,,Not Sure,No Offer ID
5713450033362,pink and yellow,1083,2600,No Product Found,,Not Sure,No Offer ID
5713450033379,pink and yellow,125,300,No Product Found,,Not Sure,No Offer ID
5713450033386,pink and yellow,187,450,No Product Found,,Not Sure,No Offer ID
5713450033393,pink and yellow,270,650,No Product Found,,Not Sure,No Offer ID
5713450033409,pink and yellow,479,1150,No Product Found,,Not Sure,No Offer ID
5713450033416,pink and yellow,1083,2600,No Product Found,,Not Sure,No Offer ID
5713450033423,pink and yellow,125,300,No Product Found,,Not Sure,No Offer ID
5713450033430,pink and yellow,187,450,No Product Found,,Not Sure,No Offer ID
5713450033447,pink and yellow,270,650,No Product Found,,Not Sure,No Offer ID
5713450033454,pink and yellow,479,1150,No Product Found,,Not Sure,No Offer ID
5713450033461,pink and yellow,1083,2600,No Product Found,,Not Sure,No Offer ID
5713450033478,blue and yellow,125,300,No Product Found,,Not Sure,No Offer ID
5713450033485,blue and yellow,187,450,No Product Found,,Not Sure,No Offer ID
5713450033492,blue and yellow,270,650,No Product Found,,Not Sure,No Offer ID
5713450033508,blue and yellow,479,1150,No Product Found,,Not Sure,No Offer ID
5713450033515,blue and yellow,1083,2600,No Product Found,,Not Sure,No Offer ID
5713450033522,blue and yellow,125,300,No Product Found,,Not Sure,No Offer ID
5713450033539,blue and yellow,187,450,No Product Found,,Not Sure,No Offer ID
5713450033546,blue and yellow,270,650,No Product Found,,Not Sure,No Offer ID
5713450033553,blue and yellow,479,1150,No Product Found,,Not Sure,No Offer ID
5713450033560,blue and yellow,1083,2600,No Product Found,,Not Sure,No Offer ID
5713450033577,blue and yellow,125,300,No Product Found,,Not Sure,No Offer ID
5713450033584,blue and yellow,187,450,No Product Found,,Not Sure,No Offer ID
5713450033591,blue and yellow,270,650,No Product Found,,Not Sure,No Offer ID
5713450033607,blue and yellow,479,1150,No Product Found,,Not Sure,No Offer ID
5713450033614,blue and yellow,1083,2600,No Product Found,,Not Sure,No Offer ID
5713450033713,beige and white,166,400,No Product Found,,Not Sure,No Offer ID
5713450033621,beige and white,250,600,No Product Found,,Not Sure,No Offer ID
5713450033638,beige and white,437,1050,No Product Found,,Not Sure,No Offer ID
5713450033645,beige and white,708,1700,No Product Found,,Not Sure,No Offer ID
5713450033720,blue and brown,166,400,No Product Found,,Not Sure,No Offer ID
5713450033652,blue and brown,250,600,No Product Found,,Not Sure,No Offer ID
5713450033669,blue and brown,437,1050,No Product Found,,Not Sure,No Offer ID
5713450033676,blue and brown,708,1700,No Product Found,,Not Sure,No Offer ID
5713450033737,red and orange,166,400,No Product Found,,Not Sure,No Offer ID
5713450033683,red and orange,250,600,No Product Found,,Not Sure,No Offer ID
5713450033690,red and orange,437,1050,No Product Found,,Not Sure,No Offer ID
5713450033706,red and orange,708,1700,No Product Found,,Not Sure,No Offer ID
5713450033843,,125,300,No Product Found,,Not Sure,No Offer ID
5713450033850,,187,450,No Product Found,,Not Sure,No Offer ID
5713450033867,,270,650,No Product Found,,Not Sure,No Offer ID
5713450033874,,479,1150,No Product Found,,Not Sure,No Offer ID
5713450033881,,1083,2600,No Product Found,,Not Sure,No Offer ID
5713450033898,,125,300,No Product Found,,Not Sure,No Offer ID
5713450033904,,187,450,No Product Found,,Not Sure,No Offer ID
5713450033911,,270,650,No Product Found,,Not Sure,No Offer ID
5713450033928,,479,1150,No Product Found,,Not Sure,No Offer ID
5713450033935,,1083,2600,No Product Found,,Not Sure,No Offer ID
5713450033942,,125,300,No Product Found,,Not Sure,No Offer ID
5713450033959,,187,450,No Product Found,,Not Sure,No Offer ID
5713450033966,,270,650,No Product Found,,Not Sure,No Offer ID
5713450033973,,479,1150,No Product Found,,Not Sure,No Offer ID
5713450033980,,1083,2600,No Product Found,,Not Sure,No Offer ID
5713450033997,multi,166,400,No Product Found,,Not Sure,No Offer ID
5713450034000,multi,250,600,No Product Found,,Not Sure,No Offer ID
5713450034017,multi,437,1050,No Product Found,,Not Sure,No Offer ID
5713450034024,multi,708,1700,No Product Found,,Not Sure,No Offer ID
5713450034048,multi,166,400,No Product Found,,Not Sure,No Offer ID
5713450034055,multi,250,600,No Product Found,,Not Sure,No Offer ID
5713450034062,multi,437,1050,No Product Found,,Not Sure,No Offer ID
5713450034079,multi,708,1700,No Product Found,,Not Sure,No Offer ID
5713450034093,multi,166,400,No Product Found,,Not Sure,No Offer ID
5713450034109,multi,250,600,No Product Found,,Not Sure,No Offer ID
5713450034116,multi,437,1050,No Product Found,,Not Sure,No Offer ID
5713450034123,multi,708,1700,No Product Found,,Not Sure,No Offer ID
5713450034147,multi,166,400,No Product Found,,Not Sure,No Offer ID
5713450034154,multi,250,600,No Product Found,,Not Sure,No Offer ID
5713450034161,multi,437,1050,No Product Found,,Not Sure,No Offer ID
5713450034178,multi,708,1700,No Product Found,,Not Sure,No Offer ID
5713450034192,multi,166,400,No Product Found,,Not Sure,No Offer ID
5713450034208,multi,250,600,No Product Found,,Not Sure,No Offer ID
5713450034215,multi,437,1050,No Product Found,,Not Sure,No Offer ID
5713450034222,multi,708,1700,No Product Found,,Not Sure,No Offer ID
5713450034246,multi,166,400,No Product Found,,Not Sure,No Offer ID
5713450034253,multi,250,600,No Product Found,,Not Sure,No Offer ID
5713450034260,multi,437,1050,No Product Found,,Not Sure,No Offer ID
5713450034277,multi,708,1700,No Product Found,,Not Sure,No Offer ID
5713450034291,multi,166,400,No Product Found,,Not Sure,No Offer ID
5713450034307,multi,250,600,No Product Found,,Not Sure,No Offer ID
5713450034314,multi,437,1050,No Product Found,,Not Sure,No Offer ID
5713450034321,multi,708,1700,No Product Found,,Not Sure,No Offer ID
5713450034345,multi,166,400,No Product Found,,Not Sure,No Offer ID
5713450034352,multi,250,600,No Product Found,,Not Sure,No Offer ID
5713450034369,multi,437,1050,No Product Found,,Not Sure,No Offer ID
5713450034376,multi,708,1700,No Product Found,,Not Sure,No Offer ID
5713450034390,multi,166,400,No Product Found,,Not Sure,No Offer ID
5713450034406,multi,250,600,No Product Found,,Not Sure,No Offer ID
5713450034413,multi,437,1050,No Product Found,,Not Sure,No Offer ID
5713450034420,multi,708,1700,No Product Found,,Not Sure,No Offer ID
5713450034444,multi,125,300,No Product Found,,Not Sure,No Offer ID
5713450034451,multi,187,450,No Product Found,,Not Sure,No Offer ID
5713450034468,multi,270,650,No Product Found,,Not Sure,No Offer ID
5713450034475,multi,479,1150,No Product Found,,Not Sure,No Offer ID
5713450034482,multi,1083,2600,No Product Found,,Not Sure,No Offer ID
5713450034499,multi,125,300,No Product Found,,Not Sure,No Offer ID
5713450034505,multi,187,450,No Product Found,,Not Sure,No Offer ID
5713450034512,multi,270,650,No Product Found,,Not Sure,No Offer ID
5713450034529,multi,479,1150,No Product Found,,Not Sure,No Offer ID
5713450034536,multi,1083,2600,No Product Found,,Not Sure,No Offer ID
5713450034543,multi,125,300,No Product Found,,Not Sure,No Offer ID
5713450034550,multi,187,450,No Product Found,,Not Sure,No Offer ID
5713450034567,multi,270,650,No Product Found,,Not Sure,No Offer ID
5713450034574,multi,479,1150,No Product Found,,Not Sure,No Offer ID
5713450034581,multi,1083,2600,No Product Found,,Not Sure,No Offer ID
5713450034598,multi,125,300,No Product Found,,Not Sure,No Offer ID
5713450034604,multi,187,450,No Product Found,,Not Sure,No Offer ID
5713450034611,multi,270,650,No Product Found,,Not Sure,No Offer ID
5713450034628,multi,479,1150,No Product Found,,Not Sure,No Offer ID
5713450034635,multi,1083,2600,No Product Found,,Not Sure,No Offer ID
5713450034642,multi,125,300,No Product Found,,Not Sure,No Offer ID
5713450034659,multi,187,450,No Product Found,,Not Sure,No Offer ID
5713450034666,multi,270,650,No Product Found,,Not Sure,No Offer ID
5713450034673,multi,479,1150,No Product Found,,Not Sure,No Offer ID
5713450034680,multi,1083,2600,No Product Found,,Not Sure,No Offer ID
5713450034697,,125,300,No Product Found,,Not Sure,No Offer ID
5713450034703,,187,450,No Product Found,,Not Sure,No Offer ID
5713450034710,,270,650,No Product Found,,Not Sure,No Offer ID
5713450034727,,479,1150,No Product Found,,Not Sure,No Offer ID
5713450034734,,1083,2600,No Product Found,,Not Sure,No Offer ID
5713450034741,,125,300,No Product Found,,Not Sure,No Offer ID
5713450034758,,187,450,No Product Found,,Not Sure,No Offer ID
5713450034765,,270,650,No Product Found,,Not Sure,No Offer ID
5713450034772,,479,1150,No Product Found,,Not Sure,No Offer ID
5713450034789,,1083,2600,No Product Found,,Not Sure,No Offer ID
5713450034796,,125,300,No Product Found,,Not Sure,No Offer ID
5713450034802,,187,450,No Product Found,,Not Sure,No Offer ID
5713450034819,,270,650,No Product Found,,Not Sure,No Offer ID
5713450034826,,479,1150,No Product Found,,Not Sure,No Offer ID
5713450034833,,1083,2600,No Product Found,,Not Sure,No Offer ID
5713450034840,multi,125,300,No Product Found,,Not Sure,No Offer ID
5713450034857,multi,187,450,No Product Found,,Not Sure,No Offer ID
5713450034864,multi,270,650,No Product Found,,Not Sure,No Offer ID
5713450034871,multi,479,1150,No Product Found,,Not Sure,No Offer ID
5713450034888,multi,1083,2600,No Product Found,,Not Sure,No Offer ID
5713450034895,multi,125,300,No Product Found,,Not Sure,No Offer ID
5713450034901,multi,187,450,No Product Found,,Not Sure,No Offer ID
5713450034918,multi,270,650,No Product Found,,Not Sure,No Offer ID
5713450034925,multi,479,1150,No Product Found,,Not Sure,No Offer ID
5713450034932,multi,1083,2600,No Product Found,,Not Sure,No Offer ID
5713450034949,multi,125,300,No Product Found,,Not Sure,No Offer ID
5713450034956,multi,187,450,No Product Found,,Not Sure,No Offer ID
5713450034963,multi,270,650,No Product Found,,Not Sure,No Offer ID
5713450034970,multi,479,1150,No Product Found,,Not Sure,No Offer ID
5713450034987,multi,1083,2600,No Product Found,,Not Sure,No Offer ID
5713450034994,"green, blue",125,300,No Product Found,,Not Sure,No Offer ID
5713450035007,"green, blue",187,450,No Product Found,,Not Sure,No Offer ID
5713450035014,"green, blue",270,650,No Product Found,,Not Sure,No Offer ID
5713450035021,"green, blue",479,1150,No Product Found,,Not Sure,No Offer ID
5713450035038,"green, blue",1083,2600,No Product Found,,Not Sure,No Offer ID
5713450035045,black and white,125,300,No Product Found,,Not Sure,No Offer ID
5713450035052,black and white,187,450,No Product Found,,Not Sure,No Offer ID
5713450035069,black and white,270,650,No Product Found,,Not Sure,No Offer ID
5713450035076,black and white,479,1150,No Product Found,,Not Sure,No Offer ID
5713450035083,black and white,1083,2600,No Product Found,,Not Sure,No Offer ID
5713450035090,black and white,125,300,No Product Found,,Not Sure,No Offer ID
5713450035106,black and white,187,450,No Product Found,,Not Sure,No Offer ID
5713450035113,black and white,270,650,No Product Found,,Not Sure,No Offer ID
5713450035120,black and white,479,1150,No Product Found,,Not Sure,No Offer ID
5713450035137,black and white,1083,2600,No Product Found,,Not Sure,No Offer ID
5713450035144,black and white,125,300,No Product Found,,Not Sure,No Offer ID
5713450035151,black and white,187,450,No Product Found,,Not Sure,No Offer ID
5713450035168,black and white,270,650,No Product Found,,Not Sure,No Offer ID
5713450035175,black and white,479,1150,No Product Found,,Not Sure,No Offer ID
5713450035182,black and white,1083,2600,No Product Found,,Not Sure,No Offer ID
5713450035199,multi,125,300,No Product Found,,Not Sure,No Offer ID
5713450035205,multi,187,450,No Product Found,,Not Sure,No Offer ID
5713450035212,multi,270,650,No Product Found,,Not Sure,No Offer ID
5713450035229,multi,479,1150,No Product Found,,Not Sure,No Offer ID
5713450035236,multi,1083,2600,No Product Found,,Not Sure,No Offer ID
5713450035243,multi,125,300,No Product Found,,Not Sure,No Offer ID
5713450035250,multi,187,450,No Product Found,,Not Sure,No Offer ID
5713450035267,multi,270,650,No Product Found,,Not Sure,No Offer ID
5713450035274,multi,479,1150,No Product Found,,Not Sure,No Offer ID
5713450035281,multi,1083,2600,No Product Found,,Not Sure,No Offer ID
5713450035298,"purple, brown, blue",125,300,No Product Found,,Not Sure,No Offer ID
5713450035304,"purple, brown, blue",187,450,No Product Found,,Not Sure,No Offer ID
5713450035311,"purple, brown, blue",270,650,No Product Found,,Not Sure,No Offer ID
5713450035328,"purple, brown, blue",479,1150,No Product Found,,Not Sure,No Offer ID
5713450035335,"purple, brown, blue",1083,2600,No Product Found,,Not Sure,No Offer ID
5713450035342,,125,300,No Product Found,,Not Sure,No Offer ID
5713450035359,,187,450,No Product Found,,Not Sure,No Offer ID
5713450035366,,270,650,No Product Found,,Not Sure,No Offer ID
5713450035373,,479,1150,No Product Found,,Not Sure,No Offer ID
5713450035380,,1083,2600,No Product Found,,Not Sure,No Offer ID
5713450035397,multi,125,300,No Product Found,,Not Sure,No Offer ID
5713450035403,multi,187,450,No Product Found,,Not Sure,No Offer ID
5713450035410,multi,270,650,No Product Found,,Not Sure,No Offer ID
5713450035427,multi,479,1150,No Product Found,,Not Sure,No Offer ID
5713450035434,multi,1083,2600,No Product Found,,Not Sure,No Offer ID
5713450035441,multi,125,300,No Product Found,,Not Sure,No Offer ID
5713450035458,multi,187,450,No Product Found,,Not Sure,No Offer ID
5713450035465,multi,270,650,No Product Found,,Not Sure,No Offer ID
5713450035472,multi,479,1150,No Product Found,,Not Sure,No Offer ID
5713450035489,multi,1083,2600,No Product Found,,Not Sure,No Offer ID
5713450035496,multi,125,300,No Product Found,,Not Sure,No Offer ID
5713450035502,multi,187,450,No Product Found,,Not Sure,No Offer ID
5713450035519,multi,270,650,No Product Found,,Not Sure,No Offer ID
5713450035526,multi,479,1150,No Product Found,,Not Sure,No Offer ID
5713450035533,multi,1083,2600,No Product Found,,Not Sure,No Offer ID
5713450035540,multi,166,400,No Product Found,,Not Sure,No Offer ID
5713450035557,multi,250,600,No Product Found,,Not Sure,No Offer ID
5713450035564,multi,437,1050,No Product Found,,Not Sure,No Offer ID
5713450035571,multi,708,1700,No Product Found,,Not Sure,No Offer ID
5713450035595,multi,166,400,No Product Found,,Not Sure,No Offer ID
5713450035601,multi,250,600,No Product Found,,Not Sure,No Offer ID
5713450035618,multi,437,1050,No Product Found,,Not Sure,No Offer ID
5713450035625,multi,708,1700,No Product Found,,Not Sure,No Offer ID
5713450035649,multi,166,400,No Product Found,,Not Sure,No Offer ID
5713450035656,multi,250,600,No Product Found,,Not Sure,No Offer ID
5713450035663,multi,437,1050,No Product Found,,Not Sure,No Offer ID
5713450035670,multi,708,1700,No Product Found,,Not Sure,No Offer ID
5713450035694,multi,166,400,No Product Found,,Not Sure,No Offer ID
5713450035700,multi,250,600,No Product Found,,Not Sure,No Offer ID
5713450035717,multi,437,1050,No Product Found,,Not Sure,No Offer ID
5713450035724,multi,708,1700,No Product Found,,Not Sure,No Offer ID
5713450035748,multi,166,400,No Product Found,,Not Sure,No Offer ID
5713450035755,multi,250,600,No Product Found,,Not Sure,No Offer ID
5713450035762,multi,437,1050,No Product Found,,Not Sure,No Offer ID
5713450035779,multi,708,1700,No Product Found,,Not Sure,No Offer ID
5713450035793,multi,125,300,No Product Found,,Not Sure,No Offer ID
5713450035809,multi,187,450,No Product Found,,Not Sure,No Offer ID
5713450035816,multi,270,650,No Product Found,,Not Sure,No Offer ID
5713450035823,multi,479,1150,No Product Found,,Not Sure,No Offer ID
5713450035830,multi,1083,2600,No Product Found,,Not Sure,No Offer ID
5713450035847,multi,125,300,No Product Found,,Not Sure,No Offer ID
5713450035854,multi,187,450,No Product Found,,Not Sure,No Offer ID
5713450035861,multi,270,650,No Product Found,,Not Sure,No Offer ID
5713450035878,multi,479,1150,No Product Found,,Not Sure,No Offer ID
5713450035885,multi,1083,2600,No Product Found,,Not Sure,No Offer ID
5713450035892,multi,125,300,No Product Found,,Not Sure,No Offer ID
5713450035908,multi,187,450,No Product Found,,Not Sure,No Offer ID
5713450035915,multi,270,650,No Product Found,,Not Sure,No Offer ID
5713450035922,multi,479,1150,No Product Found,,Not Sure,No Offer ID
5713450035939,multi,1083,2600,No Product Found,,Not Sure,No Offer ID
5713450035946,multi,125,300,No Product Found,,Not Sure,No Offer ID
5713450035953,multi,187,450,No Product Found,,Not Sure,No Offer ID
5713450035960,multi,270,650,No Product Found,,Not Sure,No Offer ID
5713450035977,multi,479,1150,No Product Found,,Not Sure,No Offer ID
5713450035984,multi,1083,2600,No Product Found,,Not Sure,No Offer ID
5713450035991,multi,125,300,No Product Found,,Not Sure,No Offer ID
5713450036004,multi,187,450,No Product Found,,Not Sure,No Offer ID
5713450036011,multi,270,650,No Product Found,,Not Sure,No Offer ID
5713450036028,multi,479,1150,No Product Found,,Not Sure,No Offer ID
5713450036035,multi,1083,2600,No Product Found,,Not Sure,No Offer ID
5713450036042,multi,125,300,No Product Found,,Not Sure,No Offer ID
5713450036059,multi,187,450,No Product Found,,Not Sure,No Offer ID
5713450036066,multi,270,650,No Product Found,,Not Sure,No Offer ID
5713450036073,multi,479,1150,No Product Found,,Not Sure,No Offer ID
5713450036080,multi,1083,2600,No Product Found,,Not Sure,No Offer ID
5713450036097,multi,166,400,No Product Found,,Not Sure,No Offer ID
5713450036103,multi,250,600,No Product Found,,Not Sure,No Offer ID
5713450036110,multi,437,1050,No Product Found,,Not Sure,No Offer ID
5713450036127,multi,708,1700,No Product Found,,Not Sure,No Offer ID
